Nombre,Apellido,Celular
Alejandro,Caballero,1149339342
Adolfo,Colom,1198936460
Isidoro,Milla,1149198778
Virgilio,Perelló,1129927250
Leocadio,Cañellas,1128443189
Rufino,Portero,1138367093
Nayara,Berenguer,1197465847
Florentina,Exposito,1113359549
Paco,Téllez,1153918155
América,Cuervo,1185415349
Rosenda,Granados,1114429933
Cayetana,Martin,1118819392
Maximiano,Corominas,1173754193
Nazaret,Piñol,1141092790
Pánfilo,Molins,1128811673
Milagros,Trujillo,1144138724
Edelmiro,Oliveras,1130391699
Bernardo,Valero,1181576780
Heraclio,Mayo,1109407247
Victoriano,Palmer,1183026900
Fátima,Prado,1164897585
Camila,Taboada,1118803297
Natalio,Narváez,1116074925
Gilberto,Peinado,1113041058
Roque,Torrecilla,1105089979
Leticia,Alba,1108125812
María Manuela,Vicens,1142828282
Vicenta,Belda,1169760558
Reyes,Mulet,1109429225
Elena,Hurtado,1170811317
Carla,Valcárcel,1110577068
Roldán,Adadia,1159523615
Elvira,Olivares,1193004119
Aníbal,Gilabert,1171118372
Domingo,Varela,1191191118
Alicia,Bou,1121752755
Zacarías,Esparza,1130374278
Ruy,Iñiguez,1130232659
Bernabé,Plana,1150282447
Jordán,Alegre,1168145143
Lorena,Arrieta,1173253186
Joaquín,Castilla,1198383446
Delfina,Díez,1116389204
Víctor,Silva,1149311524
Azahara,Bartolomé,1109340266
Olga,Catalá,1147905862
Leonel,Benítez,1144977520
Augusto,Vargas,1173925009
Benigno,Cases,1191117852
Sandra,Antón,1104682876
Álvaro,Crespo,1101357915
Enrique,Peñalver,1158980887
Juan Bautista,Guzman,1108780596
Xiomara,Alcolea,1132426348
Zaida,Iborra,1100314843
Ale,Vilaplana,1111740706
Roxana,Mendizábal,1125500630
José,Francisco,1177792515
Antonio,Atienza,1184060085
Gala,Morán,1159747044
Rico,Iborra,1138566905
Adolfo,Capdevila,1191748880
María Fernanda,Garzón,1197228828
Camila,Sales,1108235343
Sonia,Zamora,1108947527
Cecilia,Cerdán,1173721505
María Cristina,Sanabria,1171665887
Eustaquio,Aragonés,1188639559
Nadia,Álvaro,1132868714
Rocío,Vicens,1181906882
Pedro,Falcó,1168656256
Nazaret,Peña,1121608774
Miguel Ángel,Manzano,1112598248
Evangelina,Fuentes,1148366410
Jeremías,Arribas,1130774606
Efraín,Andreu,1101659015
Fidel,Machado,1180208926
Florentino,Antón,1174522462
Angélica,Martinez,1153289775
Zoraida,Alcaraz,1130328101
Guiomar,Mayoral,1191540466
Cristóbal,Jiménez,1196827053
Soledad,Noguera,1198058012
Begoña,Águila,1170434354
Fermín,Pla,1185937225
Emelina,Mendez,1193346858
Curro,Roca,1136984682
Victoria,Mateos,1147929404
Lupe,Goñi,1154105274
Telmo,Hierro,1109348977
Perlita,Toledo,1125650570
Ruben,Sanchez,1184904898
Leocadia,Mateu,1114046751
Efraín,Villaverde,1138740387
Elvira,Bernal,1190367955
Eugenia,Vazquez,1199854800
Francisco Jose,Andrés,1102567554
Camilo,Lasa,1161384422
Juan Manuel,Ballester,1159457697
Merche,Barrio,1116980538
